Model,Epochs,Accuracy,Parameters,Training_Time,Improvement,Efficiency,Improvement_Rate
Baseline CNN,5,72.68,1.15,1.6,0.0,45.425000000000004,0.0
Improved CNN,5,67.94,4.18,2.5,0.0,27.176,0.0
Baseline CNN,25,81.93,1.15,8.2,9.25,9.991463414634149,0.4625
Improved CNN,25,84.86,4.18,12.8,16.92,6.629687499999999,0.8460000000000001
